year,inst_share,access_share,case,group
2003,0.0007596475235490732,0.004434290943517916,cyber,all
2004,0.00466797169101039,0.01482014352014462,cyber,all
2005,0.014878738282993602,0.02443701054356938,cyber,all
2006,0.021707028942705257,0.04287236232520729,cyber,all
2007,0.026234340456890198,0.05251391584587237,cyber,all
2008,0.03428323448575148,0.08097118455651066,cyber,all
2009,0.03812233285917496,0.09011018676192163,cyber,all
2010,0.045123125601870956,0.11729533332430077,cyber,all
2011,0.049272265990118844,0.1265319645762953,cyber,all
2012,0.05349576271186441,0.13967169009528532,cyber,all
2013,0.05936376946625849,0.15789369021814784,cyber,all
2014,0.06406460296096904,0.17330833304868468,cyber,all
2015,0.06910680142037695,0.2034081765952356,cyber,all
2016,0.06287769784172662,0.21410367143313935,cyber,all
2017,0.07159693576900412,0.24054973881748787,cyber,all
2018,0.08233145639933039,0.27137277830066897,cyber,all
2019,0.09090909090909091,0.30510037857764694,cyber,all
2020,0.10286732544953832,0.347169296905825,cyber,all
2021,0.11726063393003777,0.3899317791292886,cyber,all
2022,0.12926183382985768,0.4153300036448881,cyber,all
2023,0.14513422818791946,0.46279506559760025,cyber,all
2024,0.15863009030499234,0.4820356265414767,cyber,all
2003,0.0025884383088869713,0.0040383664231648676,cyber,public_2yr
2004,0.010398613518197574,0.018088188450862318,cyber,public_2yr
2005,0.020618556701030927,0.03486954169968257,cyber,public_2yr
2006,0.033795493934142114,0.05517365813936097,cyber,public_2yr
2007,0.04111986001749781,0.06685100407673776,cyber,public_2yr
2008,0.0632688927943761,0.08989310955783571,cyber,public_2yr
2009,0.07194244604316546,0.10267912925510077,cyber,public_2yr
2010,0.10756608933454877,0.16964007369308934,cyber,public_2yr
2011,0.11428571428571428,0.17287586907392866,cyber,public_2yr
2012,0.1315538608198284,0.2089405786462934,cyber,public_2yr
2013,0.1346153846153846,0.21948884403469532,cyber,public_2yr
2014,0.15004840271055178,0.2340167238132329,cyber,public_2yr
2015,0.1589793915603533,0.2509483728722077,cyber,public_2yr
2016,0.16817724068479356,0.2678249468712393,cyber,public_2yr
2017,0.195097037793667,0.28708933678379417,cyber,public_2yr
2018,0.21495327102803738,0.31477902159600674,cyber,public_2yr
2019,0.226215644820296,0.3332495274659399,cyber,public_2yr
2020,0.26167209554831705,0.39310716671274254,cyber,public_2yr
2021,0.3032967032967033,0.45863792331791736,cyber,public_2yr
2022,0.3136818687430478,0.45627146013340464,cyber,public_2yr
2023,0.3433179723502304,0.49730103263649134,cyber,public_2yr
2024,0.35808383233532937,0.5205453852713319,cyber,public_2yr
2003,0.003110419906687403,0.009252439052876642,cyber,public_4yr
2004,0.009202453987730062,0.018106306349282068,cyber,public_4yr
2005,0.00916030534351145,0.01866997936532885,cyber,public_4yr
2006,0.019696969696969695,0.03379552868033392,cyber,public_4yr
2007,0.02844311377245509,0.04467398498612812,cyber,public_4yr
2008,0.03736920777279522,0.056113050724313766,cyber,public_4yr
2009,0.040875912408759124,0.060911669096547855,cyber,public_4yr
2010,0.05202312138728324,0.08118128734299755,cyber,public_4yr
2011,0.05459770114942529,0.09119572373430548,cyber,public_4yr
2012,0.061079545454545456,0.09624018067501883,cyber,public_4yr
2013,0.07909604519774012,0.12258351472911837,cyber,public_4yr
2014,0.09483960948396095,0.14227082073831526,cyber,public_4yr
2015,0.11675824175824176,0.17237485512156706,cyber,public_4yr
2016,0.13509933774834437,0.18418697595049235,cyber,public_4yr
2017,0.16297262059973924,0.22548296917177102,cyber,public_4yr
2018,0.18193384223918574,0.2617851795134354,cyber,public_4yr
2019,0.20912547528517111,0.29043356613561233,cyber,public_4yr
2020,0.23476005188067445,0.3365961476378216,cyber,public_4yr
2021,0.26098191214470284,0.37937105406275506,cyber,public_4yr
2022,0.29875,0.422041341181012,cyber,public_4yr
2023,0.3464373464373464,0.49167559098219366,cyber,public_4yr
2024,0.40380047505938244,0.5222868544080329,cyber,public_4yr
2003,0.0870556061987238,0.13118490035555316,net,all
2004,0.09832856497515434,0.15974157698652763,net,all
2005,0.12170807915488767,0.19307573681021928,net,all
2006,0.12020082693443591,0.19432047045740566,net,all
2007,0.12188651436993368,0.19455796229806,net,all
2008,0.1233907131491393,0.1973330269468893,net,all
2009,0.12261735419630157,0.20735381845396272,net,all
2010,0.12587701196863393,0.21962912280226357,net,all
2011,0.128054479903859,0.23018059433404864,net,all
2012,0.13347457627118645,0.2400950390221555,net,all
2013,0.13603087980833223,0.25567715539606783,net,all
2014,0.1414535666218035,0.2633766568584873,net,all
2015,0.14135482108713465,0.27436992647585856,net,all
2016,0.1241726618705036,0.2643588826947515,net,all
2017,0.12080141426045964,0.2707744560227804,net,all
2018,0.12205143813726982,0.2659169948911917,net,all
2019,0.12121212121212122,0.26892835513409147,net,all
2020,0.12003887898914628,0.27641328754774797,net,all
2021,0.1156183281326983,0.26615863383719074,net,all
2022,0.11254551473022179,0.25804413610972715,net,all
2023,0.11124161073825503,0.26109360218885747,net,all
2024,0.11262566024876469,0.2731666111707585,net,all
2003,0.26747195858498707,0.33004808750527614,net,public_2yr
2004,0.31109185441941073,0.3850951304725934,net,public_2yr
2005,0.3805841924398625,0.48017266330418445,net,public_2yr
2006,0.37694974003466203,0.4815171806355654,net,public_2yr
2007,0.38495188101487315,0.49188458651151407,net,public_2yr
2008,0.3945518453427065,0.48786158415002456,net,public_2yr
2009,0.4028776978417266,0.515663768943789,net,public_2yr
2010,0.41020966271649956,0.522435833942403,net,public_2yr
2011,0.4110599078341014,0.5430058389479525,net,public_2yr
2012,0.42802669208770255,0.558480696711105,net,public_2yr
2013,0.42980769230769234,0.5708744749331733,net,public_2yr
2014,0.4317521781219748,0.5713419838235307,net,public_2yr
2015,0.4465161923454367,0.5840856667124941,net,public_2yr
2016,0.44108761329305135,0.5820982565496757,net,public_2yr
2017,0.4351378958120531,0.5856046411192007,net,public_2yr
2018,0.43509865005192105,0.5750787489567804,net,public_2yr
2019,0.4323467230443975,0.5597890712781186,net,public_2yr
2020,0.43539630836047777,0.5753898274816999,net,public_2yr
2021,0.4186813186813187,0.5429987960961596,net,public_2yr
2022,0.41045606229143494,0.5281444372519771,net,public_2yr
2023,0.4147465437788018,0.5458368622145481,net,public_2yr
2024,0.4227544910179641,0.5544677685650525,net,public_2yr
2003,0.03732503888024884,0.04739587794224136,net,public_4yr
2004,0.046012269938650305,0.07182371917187426,net,public_4yr
2005,0.0549618320610687,0.07966554817424257,net,public_4yr
2006,0.05454545454545454,0.07717285862112386,net,public_4yr
2007,0.06437125748502993,0.07528129576093033,net,public_4yr
2008,0.06726457399103139,0.0867268410072408,net,public_4yr
2009,0.072992700729927,0.10520011745856753,net,public_4yr
2010,0.07225433526011561,0.09078055728546852,net,public_4yr
2011,0.08908045977011494,0.11382054772375305,net,public_4yr
2012,0.08664772727272728,0.11972468034441315,net,public_4yr
2013,0.1115819209039548,0.1512920370678105,net,public_4yr
2014,0.1199442119944212,0.15596651151213708,net,public_4yr
2015,0.12774725274725274,0.166881117271079,net,public_4yr
2016,0.14304635761589404,0.17460152011273036,net,public_4yr
2017,0.14863102998696218,0.17846787503187717,net,public_4yr
2018,0.15267175572519084,0.18624375294715662,net,public_4yr
2019,0.16476552598225602,0.20054786057427718,net,public_4yr
2020,0.16990920881971466,0.20021223378646366,net,public_4yr
2021,0.16666666666666666,0.1975538656420714,net,public_4yr
2022,0.16125,0.2005236925242829,net,public_4yr
2023,0.17444717444717445,0.20895160112473576,net,public_4yr
2024,0.18883610451306412,0.22608756442460212,net,public_4yr
