year,chrg_cyber,chrg_cyber_workforce,chrg_it_workers,crec_computer_security,crec_cyber,crec_cyber_workforce,crec_it_workers,crec_network_admin,crec_total,crec_cyber_per10k,crec_computer_security_per10k,crec_cyber_workforce_per10k,crec_it_workers_per10k,crec_network_admin_per10k
1994,0,0,0,16,0,0,0,5,23293,0.0,6.9,0.0,0.0,2.1
1995,0,0,0,19,0,0,0,1,30419,0.0,6.2,0.0,0.0,0.3
1996,1,1,0,15,0,0,3,2,22239,0.0,6.7,0.0,1.3,0.9
1997,0,0,1,32,0,0,4,4,24311,0.0,13.2,0.0,1.6,1.6
1998,2,0,2,40,7,3,56,18,24212,2.9,16.5,1.2,23.1,7.4
1999,10,5,11,41,20,8,23,1,26051,7.7,15.7,3.1,8.8,0.4
2000,25,16,16,63,44,17,61,8,24509,18.0,25.7,6.9,24.9,3.3
2001,48,24,20,39,46,18,19,4,25245,18.2,15.4,7.1,7.5,1.6
2002,70,46,14,63,128,56,25,3,23289,55.0,27.1,24.0,10.7,1.3
2003,72,34,17,19,85,51,8,1,29349,29.0,6.5,17.4,2.7,0.3
2004,75,36,14,11,44,27,11,1,25616,17.2,4.3,10.5,4.3,0.4
2005,92,53,9,20,123,61,10,1,30766,40.0,6.5,19.8,3.3,0.3
2006,97,65,9,21,103,50,5,1,25716,40.1,8.2,19.4,1.9,0.4
2007,97,67,13,13,114,52,13,0,36394,31.3,3.6,14.3,3.6,0.0
2008,102,71,12,11,80,41,2,0,27090,29.5,4.1,15.1,0.7,0.0
2009,146,103,7,5,170,78,11,0,35751,47.6,1.4,21.8,3.1,0.0
2010,145,102,8,7,180,61,4,1,27648,65.1,2.5,22.1,1.4,0.4
2011,203,123,12,1,201,118,10,7,31823,63.2,0.3,37.1,3.1,2.2
2012,180,113,5,13,323,124,19,18,25949,124.5,5.0,47.8,7.3,6.9
2013,246,177,11,2,211,102,10,3,29885,70.6,0.7,34.1,3.3,1.0
2014,174,110,14,5,205,108,14,1,24869,82.4,2.0,43.4,5.6,0.4
2015,112,81,8,10,612,187,10,4,31255,195.8,3.2,59.8,3.2,1.3
2016,104,66,1,10,336,134,1,3,25111,133.8,4.0,53.4,0.4,1.2
2017,147,103,5,3,464,177,7,0,32238,143.9,0.9,54.9,2.2,0.0
2018,151,107,3,5,534,172,3,0,28939,184.5,1.7,59.4,1.0,0.0
2019,163,110,3,11,478,176,4,0,31603,151.3,3.5,55.7,1.3,0.0
2020,90,74,2,2,411,127,3,0,23484,175.0,0.9,54.1,1.3,0.0
2021,433,321,12,6,604,224,3,0,31579,191.3,1.9,70.9,0.9,0.0
2022,308,219,5,4,514,169,1,1,25555,201.1,1.6,66.1,0.4,0.4
2023,395,292,8,0,454,214,1,1,28723,158.1,0.0,74.5,0.3,0.3
2024,215,153,4,0,414,196,2,1,25886,159.9,0.0,75.7,0.8,0.4
