series,year,count
crec_total,1994,23293
crec_total,1995,30419
crec_total,1996,22239
crec_total,1997,24311
crec_total,1998,24212
crec_total,1999,26051
crec_total,2000,24509
crec_total,2001,25245
crec_total,2002,23289
crec_total,2003,29349
crec_total,2004,25616
crec_total,2005,30766
crec_total,2006,25716
crec_total,2007,36394
crec_total,2008,27090
crec_total,2009,35751
crec_total,2010,27648
crec_total,2011,31823
crec_total,2012,25949
crec_total,2013,29885
crec_total,2014,24869
crec_total,2015,31255
crec_total,2016,25111
crec_total,2017,32238
crec_total,2018,28939
crec_total,2019,31603
crec_total,2020,23484
crec_total,2021,31579
crec_total,2022,25555
crec_total,2023,28723
crec_total,2024,25886
crec_cyber,1994,0
crec_cyber,1995,0
crec_cyber,1996,0
crec_cyber,1997,0
crec_cyber,1998,7
crec_cyber,1999,20
crec_cyber,2000,44
crec_cyber,2001,46
crec_cyber,2002,128
crec_cyber,2003,85
crec_cyber,2004,44
crec_cyber,2005,123
crec_cyber,2006,103
crec_cyber,2007,114
crec_cyber,2008,80
crec_cyber,2009,170
crec_cyber,2010,180
crec_cyber,2011,201
crec_cyber,2012,323
crec_cyber,2013,211
crec_cyber,2014,205
crec_cyber,2015,612
crec_cyber,2016,336
crec_cyber,2017,464
crec_cyber,2018,534
crec_cyber,2019,478
crec_cyber,2020,411
crec_cyber,2021,604
crec_cyber,2022,514
crec_cyber,2023,454
crec_cyber,2024,414
crec_computer_security,1994,16
crec_computer_security,1995,19
crec_computer_security,1996,15
crec_computer_security,1997,32
crec_computer_security,1998,40
crec_computer_security,1999,41
crec_computer_security,2000,63
crec_computer_security,2001,39
crec_computer_security,2002,63
crec_computer_security,2003,19
crec_computer_security,2004,11
crec_computer_security,2005,20
crec_computer_security,2006,21
crec_computer_security,2007,13
crec_computer_security,2008,11
crec_computer_security,2009,5
crec_computer_security,2010,7
crec_computer_security,2011,1
crec_computer_security,2012,13
crec_computer_security,2013,2
crec_computer_security,2014,5
crec_computer_security,2015,10
crec_computer_security,2016,10
crec_computer_security,2017,3
crec_computer_security,2018,5
crec_computer_security,2019,11
crec_computer_security,2020,2
crec_computer_security,2021,6
crec_computer_security,2022,4
crec_computer_security,2023,0
crec_computer_security,2024,0
crec_cyber_workforce,1994,0
crec_cyber_workforce,1995,0
crec_cyber_workforce,1996,0
crec_cyber_workforce,1997,0
crec_cyber_workforce,1998,3
crec_cyber_workforce,1999,8
crec_cyber_workforce,2000,17
crec_cyber_workforce,2001,18
crec_cyber_workforce,2002,56
crec_cyber_workforce,2003,51
crec_cyber_workforce,2004,27
crec_cyber_workforce,2005,61
crec_cyber_workforce,2006,50
crec_cyber_workforce,2007,52
crec_cyber_workforce,2008,41
crec_cyber_workforce,2009,78
crec_cyber_workforce,2010,61
crec_cyber_workforce,2011,118
crec_cyber_workforce,2012,124
crec_cyber_workforce,2013,102
crec_cyber_workforce,2014,108
crec_cyber_workforce,2015,187
crec_cyber_workforce,2016,134
crec_cyber_workforce,2017,177
crec_cyber_workforce,2018,172
crec_cyber_workforce,2019,176
crec_cyber_workforce,2020,127
crec_cyber_workforce,2021,224
crec_cyber_workforce,2022,169
crec_cyber_workforce,2023,214
crec_cyber_workforce,2024,196
crec_it_workers,1994,0
crec_it_workers,1995,0
crec_it_workers,1996,3
crec_it_workers,1997,4
crec_it_workers,1998,56
crec_it_workers,1999,23
crec_it_workers,2000,61
crec_it_workers,2001,19
crec_it_workers,2002,25
crec_it_workers,2003,8
crec_it_workers,2004,11
crec_it_workers,2005,10
crec_it_workers,2006,5
crec_it_workers,2007,13
crec_it_workers,2008,2
crec_it_workers,2009,11
crec_it_workers,2010,4
crec_it_workers,2011,10
crec_it_workers,2012,19
crec_it_workers,2013,10
crec_it_workers,2014,14
crec_it_workers,2015,10
crec_it_workers,2016,1
crec_it_workers,2017,7
crec_it_workers,2018,3
crec_it_workers,2019,4
crec_it_workers,2020,3
crec_it_workers,2021,3
crec_it_workers,2022,1
crec_it_workers,2023,1
crec_it_workers,2024,2
crec_network_admin,1994,5
crec_network_admin,1995,1
crec_network_admin,1996,2
crec_network_admin,1997,4
crec_network_admin,1998,18
crec_network_admin,1999,1
crec_network_admin,2000,8
crec_network_admin,2001,4
crec_network_admin,2002,3
crec_network_admin,2003,1
crec_network_admin,2004,1
crec_network_admin,2005,1
crec_network_admin,2006,1
crec_network_admin,2007,0
crec_network_admin,2008,0
crec_network_admin,2009,0
crec_network_admin,2010,1
crec_network_admin,2011,7
crec_network_admin,2012,18
crec_network_admin,2013,3
crec_network_admin,2014,1
crec_network_admin,2015,4
crec_network_admin,2016,3
crec_network_admin,2017,0
crec_network_admin,2018,0
crec_network_admin,2019,0
crec_network_admin,2020,0
crec_network_admin,2021,0
crec_network_admin,2022,1
crec_network_admin,2023,1
crec_network_admin,2024,1
chrg_cyber,1994,0
chrg_cyber,1995,0
chrg_cyber,1996,1
chrg_cyber,1997,0
chrg_cyber,1998,2
chrg_cyber,1999,10
chrg_cyber,2000,25
chrg_cyber,2001,48
chrg_cyber,2002,70
chrg_cyber,2003,72
chrg_cyber,2004,75
chrg_cyber,2005,92
chrg_cyber,2006,97
chrg_cyber,2007,97
chrg_cyber,2008,102
chrg_cyber,2009,146
chrg_cyber,2010,145
chrg_cyber,2011,203
chrg_cyber,2012,180
chrg_cyber,2013,246
chrg_cyber,2014,174
chrg_cyber,2015,112
chrg_cyber,2016,104
chrg_cyber,2017,147
chrg_cyber,2018,151
chrg_cyber,2019,163
chrg_cyber,2020,90
chrg_cyber,2021,433
chrg_cyber,2022,308
chrg_cyber,2023,395
chrg_cyber,2024,215
chrg_cyber_workforce,1994,0
chrg_cyber_workforce,1995,0
chrg_cyber_workforce,1996,1
chrg_cyber_workforce,1997,0
chrg_cyber_workforce,1998,0
chrg_cyber_workforce,1999,5
chrg_cyber_workforce,2000,16
chrg_cyber_workforce,2001,24
chrg_cyber_workforce,2002,46
chrg_cyber_workforce,2003,34
chrg_cyber_workforce,2004,36
chrg_cyber_workforce,2005,53
chrg_cyber_workforce,2006,65
chrg_cyber_workforce,2007,67
chrg_cyber_workforce,2008,71
chrg_cyber_workforce,2009,103
chrg_cyber_workforce,2010,102
chrg_cyber_workforce,2011,123
chrg_cyber_workforce,2012,113
chrg_cyber_workforce,2013,177
chrg_cyber_workforce,2014,110
chrg_cyber_workforce,2015,81
chrg_cyber_workforce,2016,66
chrg_cyber_workforce,2017,103
chrg_cyber_workforce,2018,107
chrg_cyber_workforce,2019,110
chrg_cyber_workforce,2020,74
chrg_cyber_workforce,2021,321
chrg_cyber_workforce,2022,219
chrg_cyber_workforce,2023,292
chrg_cyber_workforce,2024,153
chrg_it_workers,1994,0
chrg_it_workers,1995,0
chrg_it_workers,1996,0
chrg_it_workers,1997,1
chrg_it_workers,1998,2
chrg_it_workers,1999,11
chrg_it_workers,2000,16
chrg_it_workers,2001,20
chrg_it_workers,2002,14
chrg_it_workers,2003,17
chrg_it_workers,2004,14
chrg_it_workers,2005,9
chrg_it_workers,2006,9
chrg_it_workers,2007,13
chrg_it_workers,2008,12
chrg_it_workers,2009,7
chrg_it_workers,2010,8
chrg_it_workers,2011,12
chrg_it_workers,2012,5
chrg_it_workers,2013,11
chrg_it_workers,2014,14
chrg_it_workers,2015,8
chrg_it_workers,2016,1
chrg_it_workers,2017,5
chrg_it_workers,2018,3
chrg_it_workers,2019,3
chrg_it_workers,2020,2
chrg_it_workers,2021,12
chrg_it_workers,2022,5
chrg_it_workers,2023,8
chrg_it_workers,2024,4
