year,cyber_any,computer_security,cyber_plus_workforce_or_training,cyber_workforce_phrase,it_workforce_phrases,network_admin_phrases
1994,0,43,0,0,0,2
1995,0,29,0,0,0,7
1996,0,30,0,0,0,5
1997,0,35,0,0,0,7
1998,0,36,0,0,0,5
1999,2,33,2,0,2,3
2000,1,35,1,0,10,3
2001,3,44,1,0,6,2
2002,17,75,6,0,1,3
2003,14,37,5,0,1,3
2004,21,29,4,0,1,4
2005,14,38,10,0,3,6
2006,17,46,12,0,0,4
2007,24,21,10,0,1,4
2008,36,50,12,0,1,4
2009,46,25,12,0,3,4
2010,130,28,67,1,3,5
2011,95,18,34,0,2,5
2012,85,19,27,0,4,6
2013,109,19,39,7,2,13
2014,111,21,31,1,5,6
2015,164,26,44,4,1,7
2016,280,18,70,2,1,0
2017,329,11,62,4,0,4
2018,293,7,70,5,0,4
2019,338,14,75,4,3,3
2020,430,8,104,1,5,2
2021,445,18,123,4,1,7
2022,489,23,145,5,0,9
2023,504,27,173,4,0,8
2024,676,27,277,4,1,9
