year,computer_security_phrase,cyber_security_phrase,cyber_workers,cybersecurity,it_workers_phrase,network_admin,cyber_any
1990,26,0,0,0,0,1,0
1991,11,0,0,0,0,2,0
1992,6,0,0,0,1,11,0
1993,8,0,0,0,0,0,0
1994,22,0,0,0,0,3,0
1995,47,0,0,0,0,4,0
1996,32,0,0,0,0,3,0
1997,24,0,0,0,1,1,0
1998,46,0,0,0,3,2,0
1999,84,2,1,1,0,8,3
2000,131,6,6,6,12,12,12
2001,94,3,14,14,6,9,17
2002,97,4,2,26,2,10,30
2003,108,6,3,25,6,14,31
2004,81,7,1,13,5,3,20
2005,84,1,1,11,0,2,12
2006,140,4,8,21,2,2,25
2007,55,6,1,7,1,1,13
2008,94,6,4,9,4,12,15
2009,64,21,8,73,5,1,94
2010,75,7,6,46,1,1,53
2011,74,17,4,58,1,1,75
2012,98,15,9,91,0,1,106
2013,98,9,17,167,3,0,176
2014,87,9,20,184,3,0,193
2015,50,14,36,244,3,0,258
2016,38,16,22,176,4,0,192
2017,42,23,47,325,2,0,348
2018,35,18,55,305,2,0,323
2019,20,34,82,338,0,2,372
2020,17,17,95,397,1,0,414
2021,15,9,80,355,0,0,364
2022,7,4,72,266,3,0,270
2023,5,3,31,190,2,0,193
2024,0,7,50,246,0,1,253
