case,geo,colleges_2024,cum_2010,cum_2024,cum_year_25,cum_year_50,ann_year_50,ann_2024
cyber,AK,2,0.0,0.0,,,,0.0
cyber,AL,23,0.0,0.0,,,,0.0
cyber,AR,25,0.07,0.56,2019.0,2024.0,,0.49
cyber,AS,1,0.0,0.0,,,,0.0
cyber,AZ,21,0.16,0.99,2011.0,2021.0,2021.0,0.96
cyber,CA,117,0.2,0.65,2012.0,2020.0,2024.0,0.54
cyber,CO,15,0.06,0.91,2021.0,2024.0,2024.0,0.91
cyber,CT,1,0.0,1.0,2012.0,2023.0,2023.0,1.0
cyber,DE,1,0.0,1.0,2013.0,2013.0,2013.0,0.0
cyber,FL,28,0.0,0.6,2016.0,2020.0,2020.0,0.58
cyber,FM,1,0.0,0.0,,,,0.0
cyber,GA,29,0.49,0.94,2006.0,2011.0,2020.0,0.88
cyber,GU,1,0.0,0.0,,,,0.0
cyber,HI,7,0.0,0.0,,,,0.0
cyber,IA,16,0.27,0.78,2010.0,2016.0,2017.0,0.56
cyber,ID,4,0.11,1.0,2014.0,2019.0,2019.0,1.0
cyber,IL,45,0.27,0.77,2009.0,2018.0,2021.0,0.6
cyber,IN,2,0.23,1.0,2011.0,2012.0,2012.0,1.0
cyber,KS,26,0.11,0.12,,,,0.12
cyber,KY,16,0.0,0.23,,,,0.23
cyber,LA,14,0.03,0.22,2021.0,,,0.22
cyber,MA,16,0.34,0.84,2009.0,2014.0,2017.0,0.74
cyber,MD,16,0.48,0.97,2010.0,2012.0,2012.0,0.92
cyber,ME,7,0.0,0.6,2016.0,2017.0,2017.0,0.47
cyber,MH,1,0.0,0.0,,,,0.0
cyber,MI,31,0.46,0.88,2009.0,2016.0,2016.0,0.81
cyber,MN,28,0.37,0.67,2007.0,2020.0,2020.0,0.57
cyber,MO,14,0.0,0.31,2022.0,,,0.27
cyber,MP,1,0.0,0.0,,,,0.0
cyber,MS,15,0.14,0.74,2011.0,2022.0,2022.0,0.71
cyber,MT,12,0.06,0.16,,,,0.16
cyber,NC,59,0.52,0.74,2008.0,2010.0,2011.0,0.09
cyber,ND,8,0.0,0.41,2021.0,,,0.41
cyber,NE,9,0.0,0.22,,,,0.22
cyber,NH,7,0.0,0.84,2015.0,2020.0,2020.0,0.74
cyber,NJ,19,0.0,0.56,2020.0,2023.0,,0.5
cyber,NM,21,0.0,0.79,2019.0,2019.0,2019.0,0.75
cyber,NV,4,0.0,0.91,2012.0,2012.0,2012.0,0.63
cyber,NY,39,0.05,0.54,2014.0,2021.0,,0.44
cyber,OH,38,0.23,0.61,2012.0,2020.0,2020.0,0.6
cyber,OK,15,0.22,0.38,2013.0,,,0.29
cyber,OR,17,0.0,0.68,2019.0,2020.0,2020.0,0.66
cyber,PA,22,0.65,0.86,2006.0,2008.0,2009.0,0.78
cyber,PR,4,0.0,0.0,,,,0.0
cyber,PW,1,0.0,0.0,,,,0.0
cyber,RI,1,0.0,1.0,2012.0,2012.0,2012.0,0.0
cyber,SC,20,0.0,0.62,2018.0,2022.0,2022.0,0.62
cyber,SD,6,0.34,0.34,2010.0,,,0.34
cyber,TN,13,0.09,0.2,,,,0.07
cyber,TX,59,0.25,0.68,2012.0,2022.0,2023.0,0.58
cyber,US,998,0.2,0.66,2013.0,2020.0,2023.0,0.56
cyber,UT,6,0.21,0.73,2012.0,2017.0,2017.0,0.62
cyber,VA,24,0.0,0.46,2017.0,2021.0,2021.0,0.44
cyber,VT,1,0.0,1.0,2022.0,2022.0,2022.0,1.0
cyber,WA,34,0.31,0.57,2007.0,2022.0,2023.0,0.49
cyber,WI,17,0.25,0.97,2007.0,2019.0,2019.0,0.94
cyber,WV,11,0.0,0.51,2015.0,2022.0,2022.0,0.51
cyber,WY,7,0.0,0.66,2015.0,2017.0,2019.0,0.66
net,AK,2,0.85,0.88,2010.0,2010.0,2010.0,0.0
net,AL,23,0.0,0.0,,,,0.0
net,AR,25,0.38,0.46,2004.0,,,0.29
net,AS,1,0.0,0.0,,,,0.0
net,AZ,21,0.97,0.96,2003.0,2003.0,2003.0,0.88
net,CA,117,0.68,0.79,2005.0,2006.0,2006.0,0.55
net,CO,15,0.7,0.98,2003.0,2003.0,2003.0,0.77
net,CT,1,0.04,1.0,2012.0,2013.0,2013.0,1.0
net,DE,1,1.0,1.0,2005.0,2005.0,2005.0,0.0
net,FL,28,0.07,0.94,2013.0,2013.0,2013.0,0.88
net,FM,1,0.0,0.0,,,,0.0
net,GA,29,0.9,0.91,2003.0,2003.0,2003.0,0.89
net,GU,1,1.0,1.0,2006.0,2006.0,2006.0,1.0
net,HI,7,0.16,0.17,,,,0.17
net,IA,16,0.72,0.95,2003.0,2004.0,2004.0,0.9
net,ID,4,0.66,0.69,2008.0,2008.0,2008.0,0.69
net,IL,45,0.85,0.93,2003.0,2003.0,2003.0,0.82
net,IN,2,0.67,1.0,2008.0,2010.0,2010.0,1.0
net,KS,26,0.78,0.85,2003.0,2006.0,2007.0,0.57
net,KY,16,0.0,0.0,,,,0.0
net,LA,14,0.83,0.83,2004.0,2008.0,2008.0,0.68
net,MA,16,0.68,0.92,2004.0,2005.0,2005.0,0.63
net,MD,16,0.58,0.68,2003.0,2005.0,2005.0,0.44
net,ME,7,0.24,0.85,2005.0,2014.0,2014.0,0.85
net,MH,1,0.0,0.0,,,,0.0
net,MI,31,0.89,0.96,2003.0,2004.0,2004.0,0.93
net,MN,28,0.9,0.92,2003.0,2003.0,2003.0,0.81
net,MO,14,0.74,0.68,2003.0,2003.0,2003.0,0.68
net,MP,1,0.0,0.0,,,,0.0
net,MS,15,0.86,0.93,2003.0,2004.0,2004.0,0.82
net,MT,12,0.39,0.39,2008.0,,,0.25
net,NC,59,0.85,0.9,2003.0,2003.0,2003.0,0.12
net,ND,8,0.56,0.58,2003.0,2005.0,2005.0,0.58
net,NE,9,0.23,0.61,2011.0,2024.0,,0.32
net,NH,7,0.81,0.9,2007.0,2007.0,2007.0,0.64
net,NJ,19,0.34,0.48,2004.0,2019.0,,0.39
net,NM,21,0.54,0.77,2003.0,2010.0,2017.0,0.71
net,NV,4,1.0,1.0,2003.0,2003.0,2003.0,1.0
net,NY,39,0.07,0.37,2015.0,,,0.22
net,OH,38,0.43,0.66,2003.0,2011.0,2011.0,0.6
net,OK,15,0.18,0.5,2011.0,2021.0,,0.24
net,OR,17,0.6,0.69,2003.0,2009.0,2009.0,0.54
net,PA,22,0.92,0.95,2003.0,2003.0,2003.0,0.63
net,PR,4,0.19,0.19,2018.0,,,0.19
net,PW,1,0.0,0.0,,,,0.0
net,RI,1,1.0,1.0,2005.0,2005.0,2005.0,1.0
net,SC,20,0.28,0.26,2003.0,,,0.03
net,SD,6,0.5,0.63,2004.0,2005.0,2005.0,0.63
net,TN,13,0.33,0.58,2004.0,2012.0,,0.19
net,TX,59,0.69,0.71,2003.0,2004.0,2004.0,0.58
net,US,998,0.59,0.75,2003.0,2005.0,2009.0,0.59
net,UT,6,0.65,0.62,2003.0,2007.0,2007.0,0.62
net,VA,24,0.0,0.0,,,,0.0
net,VT,1,1.0,1.0,2003.0,2003.0,2003.0,0.0
net,WA,34,0.99,1.0,2003.0,2003.0,2003.0,0.79
net,WI,17,0.95,1.0,2003.0,2003.0,2003.0,1.0
net,WV,11,0.09,0.52,2013.0,2016.0,2016.0,0.45
net,WY,7,0.51,0.5,2005.0,2010.0,2010.0,0.24
