geo,case,colleges_2024,cum_2010,cum_2024,cum_year_25,cum_year_50,ann_year_50,ann_2024,generic_share
AL,cyber,23,0.0,0.0,,,,0.0,1.0
AR,cyber,25,0.07,0.56,2019.0,2024.0,,0.49,0.53
AZ,cyber,21,0.16,0.99,2011.0,2021.0,2021.0,0.96,0.12
CA,cyber,117,0.2,0.65,2012.0,2020.0,2024.0,0.54,0.19
CO,cyber,15,0.06,0.91,2021.0,2024.0,2024.0,0.91,0.63
FL,cyber,28,0.0,0.6,2016.0,2020.0,2020.0,0.58,0.3
GA,cyber,29,0.49,0.94,2006.0,2011.0,2020.0,0.88,0.02
IA,cyber,16,0.27,0.78,2010.0,2016.0,2017.0,0.56,0.04
IL,cyber,45,0.27,0.77,2009.0,2018.0,2021.0,0.6,0.08
KS,cyber,26,0.11,0.12,,,,0.12,0.0
KY,cyber,16,0.0,0.23,,,,0.23,0.98
LA,cyber,14,0.03,0.22,2021.0,,,0.22,0.1
MA,cyber,16,0.34,0.84,2009.0,2014.0,2017.0,0.74,0.27
MD,cyber,16,0.48,0.97,2010.0,2012.0,2012.0,0.92,0.37
MI,cyber,31,0.46,0.88,2009.0,2016.0,2016.0,0.81,0.05
MN,cyber,28,0.37,0.67,2007.0,2020.0,2020.0,0.57,0.06
MO,cyber,14,0.0,0.31,2022.0,,,0.27,0.12
MS,cyber,15,0.14,0.74,2011.0,2022.0,2022.0,0.71,0.07
MT,cyber,12,0.06,0.16,,,,0.16,0.35
NC,cyber,59,0.52,0.74,2008.0,2010.0,2011.0,0.09,0.97
ND,cyber,8,0.0,0.41,2021.0,,,0.41,0.17
NE,cyber,9,0.0,0.22,,,,0.22,0.91
NJ,cyber,19,0.0,0.56,2020.0,2023.0,,0.5,0.49
NM,cyber,21,0.0,0.79,2019.0,2019.0,2019.0,0.75,0.37
NY,cyber,39,0.05,0.54,2014.0,2021.0,,0.44,0.17
OH,cyber,38,0.23,0.61,2012.0,2020.0,2020.0,0.6,0.18
OK,cyber,15,0.22,0.38,2013.0,,,0.29,0.73
OR,cyber,17,0.0,0.68,2019.0,2020.0,2020.0,0.66,0.16
PA,cyber,22,0.65,0.86,2006.0,2008.0,2009.0,0.78,0.32
SC,cyber,20,0.0,0.62,2018.0,2022.0,2022.0,0.62,0.26
TN,cyber,13,0.09,0.2,,,,0.07,0.84
TX,cyber,59,0.25,0.68,2012.0,2022.0,2023.0,0.58,0.28
VA,cyber,24,0.0,0.46,2017.0,2021.0,2021.0,0.44,0.54
WA,cyber,34,0.31,0.57,2007.0,2022.0,2023.0,0.49,0.02
WI,cyber,17,0.25,0.97,2007.0,2019.0,2019.0,0.94,0.0
WV,cyber,11,0.0,0.51,2015.0,2022.0,2022.0,0.51,0.34
