unitid,instnm,stabbr,total_awards_all_fields,web,ipeds_first_cyber_any,ipeds_first_cyber_ba,credit_cyber,forms,earliest_year,earliest_basis,ipeds_visible_any,hidden_years,confidence,source,notes
182281,University of Nevada-Las Vegas,NV,6901,www.unlv.edu/,2020.0,,,,,,,,,,
174233,University of Minnesota-Duluth,MN,2042,https://d.umn.edu/,,,,,,,,,,,
228787,The University of Texas at Dallas,TX,10167,www.utdallas.edu/,2016.0,,,,,,,,,,
139719,Fort Valley State University,GA,440,www.fvsu.edu/,,,,,,,,,,,
409698,California State University-Monterey Bay,CA,2111,https://csumb.edu/,,,,,,,,,,,
199148,University of North Carolina at Greensboro,NC,4525,www.uncg.edu/,2020.0,,,,,,,,,,
215293,University of Pittsburgh-Pittsburgh Campus,PA,9862,www.pitt.edu/,2023.0,,,,,,,,,,
233277,Radford University,VA,1866,https://www.radford.edu/,2018.0,2020.0,,,,,,,,,
225511,University of Houston,TX,11164,www.uh.edu/,2003.0,,,,,,,,,,
222831,Angelo State University,TX,1873,www.angelo.edu/,2023.0,2023.0,,,,,,,,,
175856,Jackson State University,MS,1337,https://www.jsums.edu/,,,,,,,,,,,
145600,University of Illinois Chicago,IL,8690,www.uic.edu/,,,,,,,,,,,
126775,Colorado School of Mines,CO,1997,www.mines.edu/,,,,,,,,,,,
229814,West Texas A & M University,TX,2335,https://www.wtamu.edu/,2019.0,,,,,,,,,,
145336,Governors State University,IL,1215,https://www.govst.edu/,2015.0,,,,,,,,,,
482158,Middle Georgia State University,GA,1491,https://www.mga.edu/,2022.0,,,,,,,,,,
229063,Texas Southern University,TX,1598,www.tsu.edu/,,,,,,,,,,,
137351,University of South Florida,FL,14165,www.usf.edu/,2021.0,2021.0,,,,,,,,,
214591,Pennsylvania State University-Penn State Erie-Behrend College,PA,796,https://behrend.psu.edu/,2022.0,,,,,,,,,,
171128,Michigan Technological University,MI,1869,https://www.mtu.edu/,2019.0,2022.0,,,,,,,,,
185590,Montclair State University,NJ,5597,www.montclair.edu/,2021.0,,,,,,,,,,
228769,The University of Texas at Arlington,TX,12834,https://www.uta.edu/,,,,,,,,,,,
206084,University of Toledo,OH,3937,www.utoledo.edu/,2023.0,,,,,,,,,,
165024,Bridgewater State University,MA,2206,www.bridgew.edu/,2022.0,,,,,,,,,,
187134,The College of New Jersey,NJ,1981,https://www.tcnj.edu/,,,,,,,,,,,
151102,Purdue University Fort Wayne,IN,1467,www.pfw.edu/,,,,,,,,,,,
183062,Keene State College,NH,669,www.keene.edu/,2020.0,2020.0,,,,,,,,,
188030,New Mexico State University-Main Campus,NM,3388,www.nmsu.edu/,2024.0,2024.0,,,,,,,,,
196130,SUNY Buffalo State University,NY,1484,https://suny.buffalostate.edu/,,,,,,,,,,,
163453,Morgan State University,MD,1268,https://www.morgan.edu/,2023.0,,,,,,,,,,
441900,Nevada State University,NV,824,https://nevadastate.edu/,,,,,,,,,,,
110705,University of California-Santa Barbara,CA,7459,www.ucsb.edu/,,,,,,,,,,,
159416,Louisiana State University-Shreveport,LA,3729,www.lsus.edu/,2023.0,,,,,,,,,,
232681,University of Mary Washington,VA,970,https://www.umw.edu/,,,,,,,,,,,
151351,Indiana University-Bloomington,IN,17455,https://bloomington.iu.edu/,2010.0,,,,,,,,,,
196024,SUNY College of Technology at Delhi,NY,820,www.delhi.edu/,2022.0,2022.0,,,,,,,,,
127185,Fort Lewis College,CO,607,fortlewis.edu/,,,,,,,,,,,
214698,Pennsylvania State University-Penn State Beaver,PA,77,https://beaver.psu.edu/,2018.0,2018.0,,,,,,,,,
196176,State University of New York at New Paltz,NY,1955,www.newpaltz.edu/,,,,,,,,,,,
221838,Tennessee State University,TN,1236,www.tnstate.edu/,,,,,,,,,,,
230764,University of Utah,UT,9485,www.utah.edu/,2022.0,,,,,,,,,,
181464,University of Nebraska-Lincoln,NE,5471,www.unl.edu/,,,,,,,,,,,
167987,University of Massachusetts-Dartmouth,MA,1893,www.umassd.edu/,2016.0,,,,,,,,,,
128391,Western Colorado University,CO,485,www.western.edu/,,,,,,,,,,,
140960,Savannah State University,GA,525,www.savannahstate.edu/,,,,,,,,,,,
237525,Marshall University,WV,2513,https://www.marshall.edu/,2014.0,2014.0,,,,,,,,,
240374,University of Wisconsin-Parkside,WI,1027,https://www.uwp.edu/,2024.0,,,,,,,,,,
214713,Pennsylvania State University-Penn State Harrisburg,PA,798,https://harrisburg.psu.edu/,2016.0,2017.0,,,,,,,,,
132903,University of Central Florida,FL,18802,https://www.ucf.edu/,2023.0,,,,,,,,,,
166629,University of Massachusetts-Amherst,MA,9941,www.umass.edu/,2017.0,,,,,,,,,,
