instnm,ipeds_first_cyber_any,ipeds_first_cyber_ba,credit_cyber_found,forms,noncredit_only_or_extra,hidden_from_ipeds_cyber_codes,confidence,notes
University of Nevada-Las Vegas,2020,,Y,"MS cybersecurity; interdisciplinary BS (launched ~2025 per news)",,partly (BS too new),medium,UNLV news: launches interdisciplinary cybersecurity BS
University of Minnesota-Duluth,,,N?,none found at Duluth (UMN Crookston/Twin Cities have programs),,n/a,low,needs catalog check
The University of Texas at Dallas,2016,,Y,"BS Cybersecurity & Risk Mgmt (JSOM); MS Cyber Security Tech & Policy (EPPS); grad cert; CS info-assurance track",,partly (CS track),medium,long-standing Cyber Security Institute / SFS program
Fort Valley State University,,,N,none,"ed2go noncredit course",n/a,medium,
California State University-Monterey Bay,,,N?,none credit-bearing found,"extended-ed cybersecurity certification course",n/a,low,
University of North Carolina at Greensboro,2020,,Y,"BS Cybersecurity (Mgmt); MS ITM cyber concentration; MBA cyber concentration; post-bacc certificate",,partly (concentrations),medium,
University of Pittsburgh-Pittsburgh Campus,2023,,Y,"MSIS Cybersecurity & Privacy concentration (LERSAIS); Information & Network Security program",,YES (concentration for many years),medium,LERSAIS long-standing NSA CAE
Radford University,2018,2020,Y,BS Cybersecurity (standalone),,no,high,
University of Houston,2003,,Y,"accelerated BS/MS CIS-Cybersecurity",,no,medium,
Angelo State University,2023,2023,Y,BS Cybersecurity (standalone),,no,high,
Jackson State University,,,?,search inconclusive,,?,low,needs catalog check
University of Illinois Chicago,,,N?,none credit-bearing found,"vendor-run cybersecurity bootcamp (bootcamp.uic.edu)",n/a,low,
Colorado School of Mines,,,Y,"online graduate certificate only",,? (grad cert),low,
West Texas A & M University,2019,,?,search inconclusive,,?,low,needs catalog check
